<library path="lib/libfranka_more_controllers">
  <class name="franka_more_controllers/ForceController" type="franka_more_controllers::ForceController" base_class_type="controller_interface::ControllerBase">
    <description>
        Direct force controller using Franka Cartersian Pose interface
    </description>
  </class>
  <class name="franka_more_controllers/ForceControllerInvDynamics" type="franka_more_controllers::ForceControllerInvDynamics" base_class_type="controller_interface::ControllerBase">
    <description>
        Direct force controller with inverse dynamics
    </description>
  </class>
  <class name="franka_more_controllers/HybridController" type="franka_more_controllers::HybridController" base_class_type="controller_interface::ControllerBase">
    <description>
        Hybrid force motion controller with inverse dynamics
    </description>
  </class>
    <class name="franka_more_controllers/GravityCompensation" type="GravityCompensation"
       base_class_type="controller_interface::ControllerBase">
    <description>
        The controller sends zero torque to all joints of the robot. The
        gravity will be compensated by the robot.
    </description>
</class>
</library>
