<library path="lib/libfranka_effort_controller"> 
<!-- lib name is related to the package name -->

  <class name="franka_effort_controller/FrankaJointTrajectoryController"
         type="franka_effort_controller::FrankaJointTrajectoryController"
         base_class_type="controller_interface::ControllerBase">
    <description>
      The FrankaJointTrajectoryController executes Cartesian-space trajectories on a set of joints.
      This variant represents trajectory segments as quintic splines and sends commands to an effort interface.
    </description>
  </class>
  <class name="franka_effort_controller/FrankaForceJointTrajectoryController"
         type="franka_effort_controller::FrankaForceJointTrajectoryController"
         base_class_type="controller_interface::ControllerBase">
    <description>
      The FrankaForceJointTrajectoryController executes Cartesian-space trajectories on a set of joints.
      This variant represents trajectory segments as quintic splines and sends commands to an effort interface.
    </description>
  </class>
  <class name="franka_effort_controller/FrankaCarImpJointTrajectoryController"
         type="franka_effort_controller::FrankaCarImpJointTrajectoryController"
         base_class_type="controller_interface::ControllerBase">
    <description>
      The FrankaCarImpJointTrajectoryController executes Cartesian-space trajectories on a set of joints.
      This variant represents trajectory segments as quintic splines and sends commands to an effort interface.
    </description>
  </class>
</library>
